UID,Student Name,Email,Parent Phone,Class Name,Section,Campus
KYC098KL,RAQIB KHAN,raqib.khan123@gmail.com,9874162530,Grade 7th,Adobe,Yamuna Campus
KYC18P6P,MOHAMMED ABDUL RAED,mohammed.raed786@gmail.com,9825316470,Grade 7th,Adobe,Yamuna Campus
KYC1U5M7,ABDUL ARHAAN PASHA,abdul.arhaan.pasha@gmail.com,9846135270,Grade 7th,Adobe,Yamuna Campus
KYC1X92P,SHAIK HUZAIFA,shaik.huzaifa77@gmail.com,9865423170,Grade 7th,Adobe,Yamuna Campus
KYC22UI8,MOHD ABDUL ALMAN,mohd.abdul.alman99@gmail.com,9896415730,Grade 7th,Adobe,Yamuna Campus
KYC2EP64,SHAIK ZAID HUSSAIN,shaik.zaid.hussain09@gmail.com,9817546320,Grade 7th,Adobe,Yamuna Campus
KYC2U61E,AKMAL ADEEB,akmal.adeeb001@gmail.com,9824136570,Grade 7th,Adobe,Yamuna Campus
KYC2V44X,FAIZ ULLAH QADRI,faiz.ullah.qadri07@gmail.com,9875423160,Grade 7th,Adobe,Yamuna Campus
KYC323PK,SHAIK SAAD ARHAN,shaik.saad.arhan23@gmail.com,9856413720,Grade 7th,Adobe,Yamuna Campus
KYC38PP4,MOHAMMED ARMAAN UDDIN,mohammed.armaan.uddin21@gmail.com,9894721530,Grade 7th,Adobe,Yamuna Campus
KYC3L64H,DAIVIK SHEETAL,daivik.sheetal43@gmail.com,9816245730,Grade 7th,Adobe,Yamuna Campus
KYC42O7O,SYED ANSAB HUSSAIN,syed.ansab.hussain25@gmail.com,9847532160,Grade 7th,Adobe,Yamuna Campus
KYC49A6Q,MUHAMMAD HAMZA,muhammad.hamza64@gmail.com,9864215730,Grade 7th,Adobe,Yamuna Campus
KYC4R9I8,SAAD MOHAMMAD,saad.mohammad73@gmail.com,9874523160,Grade 7th,Adobe,Yamuna Campus
KYC53IV4,MOHAMMED ABDUL JABBAR,mohammed.abdul.jabbar47@gmail.com,9825461370,Grade 7th,Adobe,Yamuna Campus
KYC5H98F,MUGHAIRAH AFFAN,mughairah.affan82@gmail.com,9854126730,Grade 7th,Adobe,Yamuna Campus
KYC5XX62,MOHAMMED ABDUL FAHAAD,mohammed.abdul.fahaad39@gmail.com,9896742310,Grade 7th,Adobe,Yamuna Campus
KYC65WL9,MOHAMMAD ABDUL ABUBAKAR,mohammad.abdul.abubakar71@gmail.com,9847263510,Grade 7th,Adobe,Yamuna Campus
KYC735CH,MOHAMMED ALIYAN ZOHEB,mohammed.aliyan.zoheb46@gmail.com,9865147320,Grade 7th,Adobe,Yamuna Campus
KYC7K32W,MOHD OMAR,mohd.omar97@gmail.com,9876532140,Grade 7th,Adobe,Yamuna Campus
KYC804XJ,MOHAMMED ABDUL HAFEEZ AYAAN,mohammed.abdul.hafeez.ayaan11@gmail.com,9824316570,Grade 7th,Adobe,Yamuna Campus
KYC8E3W0,ABDUL AZIZ NAWAZ,abdul.aziz.nawaz58@gmail.com,9847562130,Grade 7th,Adobe,Yamuna Campus
KYC911RF,AMMAR BIN KHALED BAHARMUZ,ammar.khaled.baharmuz05@gmail.com,9865742130,Grade 7th,Adobe,Yamuna Campus
KYC91E6J,MOHD ABDUL JALEEL,mohd.abdul.jaleel92@gmail.com,9816452370,Grade 7th,Adobe,Yamuna Campus
KYC9K9O2,ABDUL MALIK AKMAL,abdul.malik.akmal74@gmail.com,9895176420,Grade 7th,Adobe,Yamuna Campus
KYC9N5T1,MOHAMMED ABDUL KAREEM,mohammed.abdul.kareem62@gmail.com,9842136750,Grade 7th,Adobe,Yamuna Campus
KYCA314Q,SYED IBRAHIM,syed.ibrahim93@gmail.com,9875642130,Grade 7th,Adobe,Yamuna Campus
KYCB891H,MOHAMMAD REYYAN UDDIN,mohammad.reyyan.uddin44@gmail.com,9824365710,Grade 7th,Adobe,Yamuna Campus
KYCD9P28,MIRZA MUDDASIR AHMED,mirza.muddasir.ahmed37@gmail.com,9864251730,Grade 7th,Adobe,Yamuna Campus
KYCE76N0,MOHAMMAD SIRAJ,mohammad.siraj82@gmail.com,9856741320,Grade 7th,Adobe,Yamuna Campus
KYCJ6H29,MOHAMMAD ZUBAIR,mohammad.zubair61@gmail.com,9894217650,Grade 7th,Adobe,Yamuna Campus
KYCJU648,KISHAN,kishan9988@gmail.com,9816524730,Grade 7th,Adobe,Yamuna Campus
KYCL2P34,SHAIK UMAR FAROOQ,shaik.umar.farooq95@gmail.com,9845172360,Grade 7th,Adobe,Yamuna Campus
KYCMU144,MOHAMMED SOHAIB KHAN,mohammed.sohaib.khan48@gmail.com,9867314520,Grade 7th,Adobe,Yamuna Campus
KYCN75M6,MOHAMMED AATIF ALI KHAN,mohammed.aatif.ali.khan36@gmail.com,9875146230,Grade 7th,Adobe,Yamuna Campus
KYCN7W86,KASHIF HUSSAIN SIDDIQUI,kashif.hussain.siddiqui74@gmail.com,9826531470,Grade 7th,Adobe,Yamuna Campus
KYCRD041,NASRULLAH KHAN,nasrullah.khan28@gmail.com,9847135620,Grade 7th,Adobe,Yamuna Campus
KYCT341I,MD GHAZI UDDIN,md.ghazi.uddin12@gmail.com,9865743210,Grade 7th,Adobe,Yamuna Campus
KYCU7A30,MOHAMMED ARHAM ALI HAMZA,mohammed.arham.ali.hamza19@gmail.com,9871643520,Grade 7th,Adobe,Yamuna Campus
KYCV6D86,MOHAMMED AMAANULLAH,mohammed.amaanullah56@gmail.com,9825417630,Grade 7th,Adobe,Yamuna Campus
KYCVV015,MOHAMMED ANWAARULLAH,mohammed.anwaarullah41@gmail.com,9865132470,Grade 7th,Adobe,Yamuna Campus
KYCX914R,ABDUL RAHMAN,abdul.rahman43@gmail.com,9896457130,Grade 7th,Adobe,Yamuna Campus
KYC028OE,YASHWANTH RAGULLA,yashwanth.ragulla01@gmail.com,9874162451,Grade 7th,Mahindra,Yamuna Campus
KYC05O3W,LOKESH SANIVARAPU,lokesh.sanivarapu02@gmail.com,9825316428,Grade 7th,Mahindra,Yamuna Campus
KYC10SQ2,NERELLA ASHWITH REDDY,nerella.ashwith.reddy03@gmail.com,9846135249,Grade 7th,Mahindra,Yamuna Campus
KYC238SB,VIPUL JADHAV,vipul.jadhav04@gmail.com,9865423197,Grade 7th,Mahindra,Yamuna Campus
KYC33OE8,VISLAVATH SRIKANTH,vislavath.srikanth05@gmail.com,9896415792,Grade 7th,Mahindra,Yamuna Campus
KYC347WW,PRATHUISH G,prathuish.g06@gmail.com,9817546395,Grade 7th,Mahindra,Yamuna Campus
KYC3AG58,SATHWIK B,sathwik.b07@gmail.com,9824136598,Grade 7th,Mahindra,Yamuna Campus
KYC3G6P8,KUMAR NUNAVATH,kumar.nunavath08@gmail.com,9875423164,Grade 7th,Mahindra,Yamuna Campus
KYC4R87K,UJWAL SUNKE,ujwal.sunke09@gmail.com,9856413795,Grade 7th,Mahindra,Yamuna Campus
KYC595GM,NIKSHETHAN K,nikshethan.k10@gmail.com,9894721586,Grade 7th,Mahindra,Yamuna Campus
KYC5O61H,VISHVATEJA M,vishvateja.m11@gmail.com,9816245793,Grade 7th,Mahindra,Yamuna Campus
KYC5PQ96,HARSHATH R,harshath.r12@gmail.com,9847532149,Grade 7th,Mahindra,Yamuna Campus
KYC613RT,THIRUPATHI,thirupathi13@gmail.com,9864215794,Grade 7th,Mahindra,Yamuna Campus
KYC614DG,SANDEEP MEGHAVATH,sandeep.meghavath14@gmail.com,9874523196,Grade 7th,Mahindra,Yamuna Campus
KYC631OV,SRI HARSHA Y,sri.harsha.y15@gmail.com,9825461392,Grade 7th,Mahindra,Yamuna Campus
KYC76PL7,ANUGANDULA ASHWIN KUMAR,anugandula.ashwin16@gmail.com,9854126793,Grade 7th,Mahindra,Yamuna Campus
KYC797MC,MALAVATH VARSHITH NAYAK,malavath.varshith17@gmail.com,9896742378,Grade 7th,Mahindra,Yamuna Campus
KYC95Y5E,RATHISH T,rathish.t18@gmail.com,9847263579,Grade 7th,Mahindra,Yamuna Campus
KYC98BN5,ROBBIN,robbin19@gmail.com,9865147392,Grade 7th,Mahindra,Yamuna Campus
KYC9A8B8,RISHIKESH K,rishikesh.k20@gmail.com,9876532195,Grade 7th,Mahindra,Yamuna Campus
KYC9I0S4,SIDHANTH M,sidhanth.m21@gmail.com,9824316593,Grade 7th,Mahindra,Yamuna Campus
KYC9V80J,VIGNESH J,vignesh.j22@gmail.com,9847562197,Grade 7th,Mahindra,Yamuna Campus
KYCR037H,BANDHELA VEERENDRA TEJA,bandhela.veerendra23@gmail.com,9865742198,Grade 7th,Mahindra,Yamuna Campus
KYCT145V,GANGADHAR S,gangadhar.s24@gmail.com,9816452391,Grade 7th,Mahindra,Yamuna Campus
KYCU62R2,HARSHA VARDHAN BHUKYA,harsha.vardhan25@gmail.com,9895176493,Grade 7th,Mahindra,Yamuna Campus
KYCU73N4,NIMMALA ADVITH,nimmala.advith26@gmail.com,9842136792,Grade 7th,Mahindra,Yamuna Campus
KYCVR920,SRI HARSHAVARDHAN D.C,sri.harshavardhan27@gmail.com,9875642197,Grade 7th,Mahindra,Yamuna Campus
KYCX52C6,KARAN MUMMANENI,karan.mummaneni28@gmail.com,9824365794,Grade 7th,Mahindra,Yamuna Campus
KYC052QC,YUDWITHRAJ JANARDHAN,yudwithraj.janardhan01@gmail.com,9874162452,Grade 7th,Tata,Yamuna Campus
KYC0JK21,NIKHIL SAI STHALAM,nikhil.sai.sthalam02@gmail.com,9825316429,Grade 7th,Tata,Yamuna Campus
KYC11N7Z,KUSHAL S,kushal.s03@gmail.com,9846135250,Grade 7th,Tata,Yamuna Campus
KYC153OU,PRAJWAL BATTIKIRI,prajwal.battikiri04@gmail.com,9865423198,Grade 7th,Tata,Yamuna Campus
KYC2KF77,KARTHIKEYA MUKKAPATI,karthikeya.mukkapati05@gmail.com,9896415793,Grade 7th,Tata,Yamuna Campus
KYC2Y0Z6,SAI THANUSH BARMAVATH,saithanush.barmavath06@gmail.com,9817546396,Grade 7th,Tata,Yamuna Campus
KYC3B32R,SUDHAN KRISHNA SAKKI,sudhan.krishna.sakki07@gmail.com,9824136599,Grade 7th,Tata,Yamuna Campus
KYC3D04S,AVINASH A,avinash.a08@gmail.com,9875423165,Grade 7th,Tata,Yamuna Campus
KYC3G42I,SAI PRASHANTH M,saiprashanth.m09@gmail.com,9856413796,Grade 7th,Tata,Yamuna Campus
KYC4CW42,UDBHAVNATH M,udbhavnath.m10@gmail.com,9894721587,Grade 7th,Tata,Yamuna Campus
KYC4X3G4,SAI KRISHNA R,saikrishna.r11@gmail.com,9816245794,Grade 7th,Tata,Yamuna Campus
KYC4X7A1,ANUGANDULA PARTHIV,anugandula.parthiv12@gmail.com,9847532150,Grade 7th,Tata,Yamuna Campus
KYC552EO,JITHESH A,jithesh.a13@gmail.com,9864215795,Grade 7th,Tata,Yamuna Campus
KYC59O8E,HARSHITH BEKKANTI,harshith.bekkanti14@gmail.com,9874523197,Grade 7th,Tata,Yamuna Campus
KYC5D34P,SRIKETHAN REDDY CH,srikethan.reddy.ch15@gmail.com,9825461393,Grade 7th,Tata,Yamuna Campus
KYC5K6Z0,VISHAL PATEL,vishal.patel16@gmail.com,9854126794,Grade 7th,Tata,Yamuna Campus
KYC642IT,PIPPARI KARTHIKEYA,pippari.karthikeya17@gmail.com,9896742379,Grade 7th,Tata,Yamuna Campus
KYC680BM,MANDA ATHIRAD,manda.athirad18@gmail.com,9847263580,Grade 7th,Tata,Yamuna Campus
KYC6Q3D0,MANOJ KUMAR,manoj.kumar19@gmail.com,9865147393,Grade 7th,Tata,Yamuna Campus
KYC77V5Z,GOUTHAM B,goutham.b20@gmail.com,9876532196,Grade 7th,Tata,Yamuna Campus
KYC7SP49,REDDY SHETTY BADRI NANDA,reddy.shetty.nanda21@gmail.com,9824316594,Grade 7th,Tata,Yamuna Campus
KYC834GI,RAJ NARSIMHA,raj.narsimha22@gmail.com,9847562198,Grade 7th,Tata,Yamuna Campus
KYC8PB27,AKSHAY J,akshay.j23@gmail.com,9865742199,Grade 7th,Tata,Yamuna Campus
KYC92BM9,RUTHWIK S,ruthwik.s24@gmail.com,9816452392,Grade 7th,Tata,Yamuna Campus
KYC9C7J3,KARTHAVEERYA ARJUN,karthaveerya.arjun25@gmail.com,9895176494,Grade 7th,Tata,Yamuna Campus
KYCB79E1,ABHINAV YADAV NAGULA,abhinav.yadav.nagula26@gmail.com,9842136793,Grade 7th,Tata,Yamuna Campus
KYCBH124,NISHITH K,nishith.k27@gmail.com,9875642198,Grade 7th,Tata,Yamuna Campus
KYCD443P,KRUTHIK RAO D,kruthik.rao.d28@gmail.com,9824365795,Grade 7th,Tata,Yamuna Campus
KYCDG565,RISHITH R,rishith.r29@gmail.com,9865743200,Grade 7th,Tata,Yamuna Campus
KYCFC346,AKULA ADITYA,akula.aditya30@gmail.com,9847263581,Grade 7th,Tata,Yamuna Campus
KYCJ266Q,RASA RISHIK,rasa.rishik31@gmail.com,9864215796,Grade 7th,Tata,Yamuna Campus
KYCM5F48,ABDUL AHMED MD,abdul.ahmed.md32@gmail.com,9874162453,Grade 7th,Tata,Yamuna Campus
KYCN0F18,SRIKESH KURMA,srikesh.kurma33@gmail.com,9825316430,Grade 7th,Tata,Yamuna Campus
KYCN20B0,SATHVICK KANDHAGIRI,sathvick.kandhagiri34@gmail.com,9846135251,Grade 7th,Tata,Yamuna Campus
KYCQ863J,NAROJU NANDAN,naroju.nandan35@gmail.com,9865423199,Grade 7th,Tata,Yamuna Campus
KYCVB643,ABIRAM JHADE R,abiram.jhade.r36@gmail.com,9896415794,Grade 7th,Tata,Yamuna Campus
KYCW5O18,SANKEERTH K.A.,sankeerth.ka37@gmail.com,9817546397,Grade 7th,Tata,Yamuna Campus
KYCY24Z7,SURAJ CHINTA,suraj.chinta38@gmail.com,9824136600,Grade 7th,Tata,Yamuna Campus
KYC16ZN6,RUSHIKESH MAIDADI,rushikesh.maidadi01@gmail.com,9874162454,Grade 7th,Google,Yamuna Campus
KYC1FZ90,ANURAG CHOUHAN KARRA,anurag.chouhan.karra02@gmail.com,9825316431,Grade 7th,Google,Yamuna Campus
KYC1JT68,RISHI VARDHAN P,rishi.vardhan.p03@gmail.com,9846135252,Grade 7th,Google,Yamuna Campus
KYC2Q21K,VRUSHANK TEJ M,vrushank.tej.m04@gmail.com,9865423200,Grade 7th,Google,Yamuna Campus
KYC32S5B,SAI CHARAN S,sai.charan.s05@gmail.com,9896415795,Grade 7th,Google,Yamuna Campus
KYC36BG7,MOKSHAGNAN RODDA,mokshagnan.rodda06@gmail.com,9817546398,Grade 7th,Google,Yamuna Campus
KYC48L8H,HARI PREETH G,hari.preeth.g07@gmail.com,9824136601,Grade 7th,Google,Yamuna Campus
KYC48N4K,VIDHESH M,vidhesh.m08@gmail.com,9875423166,Grade 7th,Google,Yamuna Campus
KYC4C3V7,MORTHAD RUTHVIK,morthad.ruthvik09@gmail.com,9856413797,Grade 7th,Google,Yamuna Campus
KYC4W50P,ABHISHEK JOSHUA THUMALA,abhishek.joshua.thumala10@gmail.com,9894721588,Grade 7th,Google,Yamuna Campus
KYC5B80O,YASHWANTH SAKANIGARI,yashwanth.sakanigari11@gmail.com,9816245795,Grade 7th,Google,Yamuna Campus
KYC68FT9,ANUDEESH S,anudeesh.s12@gmail.com,9847532151,Grade 7th,Google,Yamuna Campus
KYC6V7C8,YASHMITH KUMAR NANDI,yashmith.kumar.nandi13@gmail.com,9864215797,Grade 7th,Google,Yamuna Campus
KYC71VU6,GRAMAN KUMAR D.S,graman.kumar.ds14@gmail.com,9874523198,Grade 7th,Google,Yamuna Campus
KYC7LI58,ASHISH REDDY A,ashish.reddy.a15@gmail.com,9825461394,Grade 7th,Google,Yamuna Campus
KYC83MZ9,YASHWANTH KOLIPAKA,yashwanth.kolipaka16@gmail.com,9854126795,Grade 7th,Google,Yamuna Campus
KYC8S2N9,NAKKA AKHIL,nakka.akhil17@gmail.com,9896742380,Grade 7th,Google,Yamuna Campus
KYC8Z91H,KASHYAP REDDY MOSIRE,kashyap.reddy.mosire18@gmail.com,9847263582,Grade 7th,Google,Yamuna Campus
KYC9M44V,SAIDEEP EERLA,saideep.eerla19@gmail.com,9865147394,Grade 7th,Google,Yamuna Campus
KYCB04M1,YASHWANTH B,yashwanth.b20@gmail.com,9876532197,Grade 7th,Google,Yamuna Campus
KYCI2S94,ADHARAPU SRIVARDHAN,adharapu.srivardhan21@gmail.com,9824316595,Grade 7th,Google,Yamuna Campus
KYCJH941,SUDHA VARSHITH SAKKI,sudha.varshith.sakki22@gmail.com,9847562199,Grade 7th,Google,Yamuna Campus
KYCM42K5,KASPA NANDAKISHOR,kaspa.nandakishor23@gmail.com,9865742200,Grade 7th,Google,Yamuna Campus
KYCNZ264,SAHARSH GUPTHA YASALA,saharsh.guptha.yasala24@gmail.com,9816452393,Grade 7th,Google,Yamuna Campus
KYCOF429,D. ARJUN TEJ,d.arjun.tej25@gmail.com,9895176495,Grade 7th,Google,Yamuna Campus
KYCP461U,SRIKAR M,srikar.m26@gmail.com,9842136794,Grade 7th,Google,Yamuna Campus
KYCQ4H42,SHARAN SIMHA GUGGILLA,sharan.simha.guggilla27@gmail.com,9875642199,Grade 7th,Google,Yamuna Campus
KYCQJ184,RISHWANTH LACCHAMOLLA,rishwanth.lacchamolla28@gmail.com,9824365796,Grade 7th,Google,Yamuna Campus
KYCR02C7,SRIKIRAN S,srikiran.s29@gmail.com,9865743201,Grade 7th,Google,Yamuna Campus
KYCR45A2,RITHVIK RAM KODURU,rithvik.ram.koduru30@gmail.com,9847263583,Grade 7th,Google,Yamuna Campus
KYCS1M91,AKSHAY E,akshay.e31@gmail.com,9864215798,Grade 7th,Google,Yamuna Campus
KYCT087R,B JATHIN,b.jathin32@gmail.com,9874162455,Grade 7th,Google,Yamuna Campus
KYCUW342,JITHENDRA SWAROOP,jithendra.swaroop33@gmail.com,9825316432,Grade 7th,Google,Yamuna Campus
KYCV82P4,ASHWITH RAJ T,ashwith.raj.t34@gmail.com,9846135253,Grade 7th,Google,Yamuna Campus
KYCY3X21,P CHANDRA SHEKAR,p.chandra.shekar35@gmail.com,9865423201,Grade 7th,Google,Yamuna Campus
KYCZ63O5,ADVITH REDDY V,advith.reddy.v36@gmail.com,9896415796,Grade 7th,Google,Yamuna Campus
KYCZF077,A HARIHARA,a.harihara37@gmail.com,9817546399,Grade 7th,Google,Yamuna Campus
